 religious liberty is defined as religion that Bobby Jindal &amp; Huckabee approve of. Read the constitution! https://t.co/2yWw6mQGJb
"#Corbyn A desperate attack on JC today twitter. BBC, Telegraph, Sun, harpy known as Mensch. Hold on through the screaming for all our sakes!"
#ipod: iPod nano may be the worst ATM skimmer ever created - Just when you thought the click wheel... http://t.co/3vMcsrvTXC #iPOD-NANO
#Newser Donald Trump: I Felt Like I Was in the Military: Donald Trump may never have actually served in the mi... http://t.co/tiChih8UI6
"#NHForum live: http://t.co/G0L1s5Otwq Bobby Jindal said 1st thing, he'd repeal O's executive orders (immigration, EPA...) #TCOT #PJNET #CCOT"
#Obama and #Hillary may have used Benghazi lie to win his last election but the #Benghazi #truth will lose Hillary's http://t.co/iu2kLdkbXs
#Panorama was just a start. Expect a tsunami of BBC bullshit if/when Corbyn wins on Saturday. #JezWeCan #Corbyn4Leader #Jeremy4Leader
"#people #celebrity Tidal is a Satanic Illuminati Plan to make more $$$ Jay-Z, Beyonce, ... http://t.co/TVxyB2kdXt http://t.co/F8s7OkbjFm"
"#SBYBuzz: This Labor Day weekend, violence continued in the District. Tuesday morning, public officials commented: http://t.co/f19A1gid4o."
#teens @BillGates 1st company failed miserably. When Gates &amp; @PaulGAllen tried to sell the product it wouldn't work #nevergiveup @Microsoft
"#UPI Turkey's Erdogan: peace with Kurds ""impossible"": Ed AdamczykANKARA, Turkey, July 28 (UPI) -- Turkish Pres... http://t.co/81Cl8NwTbG"
"#WretributionRP Urijah Faber agrees that his confrontation with Conor McGregor looked rigged: Last Friday, whi... http://t.co/oULgC99ZG2"
&gt;Gamergate is a hate group &gt;Amazon Prime Day is going to be bigger than Black Friday  What do these two things have in common....
(Part I) Dead Network Walking: Why Google+ May Be On its Way Out: Google is phasing out many of the capabiliti... http://t.co/OpEmKrR0gP
"...who just endorsed Bernie Sanders. Sad, you guys. https://t.co/6JI103zJa4"
.@jimmyfallon I think you should get .@taylorswift13 as guest against Colberts 1st show.   He starts with Jeb Bush really? #baddecisions
".@johnharris1969 brilliant on the refugee crisis, a test, and David Cameron's bloody shameful failure. http://t.co/RIMrn6Tdky"
".@Olivianuzzi Eric Cantor, who evidently wants Jeb Bush to lose the nomination, will endorse Jeb Bush on Thursday http://t.co/JoVLVrgPI2"
.@StephenAtHome  #baddecisions You make me not want to watch your show(s) by having Jeb BUSH as 1st show guest @CBS @JulieChen #NOCOLBERT
"@ @Microsoft  3rd time my Lumia handset submitted in service Centre in last 8 Months, No one is looking into it. Need replacement of my 930"
@_chrislovett calling up Bernie Sanders to just run as a Lib and give us the option for a 3rd party bc these two suck.
"@_datttass Justin's girl, lost the baby!She was due the 20th... And then placenta had burst inside of her, and the baby wasn't receiving air"
"@_tomcc @bartwerf please stop walking and work !! You have more than one month of late --"" The update was annonced the 29 of july, IOS wait!"
@889BrilaFM Chelsea poor form is attributed 2 Jose Mounrinh as he kept faith wid jst d 1st eleven widout putin confidence in his subs. #LHSC
@ABCPolitics @ABC @DavidMuir OMGosh! HIllary still using her deceased Mom as a PROP to save herself from her own lies. ~May she RIP.
@albertarabbit journey to ISIS. Harper is a dangerous man. For all our sake I hope he goes. Ours is early Nov but I can vote during ++
@alex32johnson idk I just wanted to make convo since my phone is kinda ruined because pool and I'm using like a 3rd generation iPod lol so
@alexboutilier @acoyne @RobertFife  Harper will be at 20% or less on Oct 19.Jenni Byrne is merely a symptom of the problem #cdnpoli #onpoli
@alicenut1 That's just the tip of the iceberg. There's a tsunami of BBC bullshit heading your way if JC wins on Saturday.
"@AmazonHelp Ordered PC parts on Amazon Prime Day, one day shipping, haven't received my item yet. It is now Monday. Very dissatisfied."
@AmazonHelp You may please check my pending complaint with Amazon for which I write many emails and called customer care.
@AmeliaMangan Plus I may have hurt the feelings of Jurassic World's director! https://t.co/q8r70uUk8n
@AnderJuanderful when managers/players make it a matter of their ego then things always go bad. That's his problem.. 2nd stint at Barca e.g
@AndreaTantaros  Jeb Bush appears to be afraid of something.  Probably the truth and Trump may be able to help him out.
"@ataboutaround @NOTSCColumbus had cpl 10-3 seasns but c'mon now,doesnt take a genius to google how bad you guys were.OSU NEVER been that bad"
@Augustine25 @BillKristol we may elect to forget famous Iran Contra then under Bush till he declared Axis of Evil every one failed Kerry did
@AviWoolf @laurakfillault I see it like this: Angela Merkel: German multiculturalism has 'utterly failed' http://t.co/hJmDawZ7dK
@BBCNewsUS  CAN's Jerry may find a spot on Donald Trump's team in the US!  This guy is about at the same worse-than-awful level.Should fit.
"@BBCPolitics More propaganda from the BBC, they promote platforms of dissent, one day they may return to journalism, make the BBC a PLC."
"@BBCr4today oh for goodness sake, BBC seems to want the gov't to allow terrorists free range to attack UK. May BBC HQ be the 1st target!"
@bestdittyvideos ok so someone on Twitter said she was going to kill Harry at my concert on August 5th at MetLife. Her account got suspended
@billmon1 @HeerJeet @JamesEMajure "and destroy Jeb Bush while I'm at it!" Though these same priorities may be reversed for all I know.
@BlueMarchisio @Max_DRealer @PFA he recently said may never be like Messi or cr7
"@Bootyclapthundr Force out at 2nd was the first out, then the walk to Harper, then DP.  Yea terrible managing."
@bruceanderson I feel it is 2nd rate. Mansbridge doesn't point out when Harper's not answering the question. Debaters would do that.
"@bruhitszach @thetimmyconnors @rudanc @ItsNickBean @edtertaining sorry I cant go to Digi tomorrow, I really want to.. ill never meet you all"
@bryan_mays @chaddukes The CEO of IBM may think someone is an idiot but he can't say it.
@Callum_TH I'm conflicted. I don't particularly like the Sun or David Cameron but I always enjoy a David Bowie pun/reference.
@callumringer_ @EDP24 And just wait for the BBC partnership to kick in. May as well rename Eastern Tory Policies now
"@CBCNews Trudeau may do better if he attacked the NDP, no need to waste time on Harper the Media is 24/7 with the anti Harper narrative"
@CBCPolitics Harper the CPC are going to become a 3rd place party because of your reckless leadership #stopharper #cdnpoli #elxn42
"@Chinese_Surfer @CNNPolitics @OutFrontCNN 1st, Clinton is the worst debater. 2nd, have you ever heard Joe Biden open his mouth? Hes a clown!"
"@cobbo3 And what did Angela Merkel say? She's going for a 4th term. Germany is going to the dogs, right?"
@ConManBO @laurarubin7 @realDonaldTrump . Maybe he realizes Hillary is a liar and Bernie may take his hard earned millions.
@CVerenkotte Erdogan won't appoint Kilicdaroglu until Saturday. Afterwards it will already be too late for a new round of negotiations!
"@Dan_Walsh18 c'mon bruh, you watch Chelsea every week you aren't actually gonna tell me that Oscar works harder due to tackles are you?"
"@daveweigel Jeb Bush probably knows and he'd probably get us into a 3rd Iraq invasion.  Knows lots of little facts, learns nothing."
@davidrook Or Hillary or Sanders.  We may have to rethink this whole democracy thing if someone does not step up after the pre-season. :D
"@DeltaAssist yes, I asked an attendant to print out a paper pass. But this was not the 1st time delta IOS app lost my login info. Annoying."
@Der_Lemke yeah I loved the 1st film and book. Was disappointed with Jurassic World (but I seem to be in a minority)
@DIRECTVService that Lexus commercial froze up my sat box AGAIN. What is going on? http://t.co/pc5PzZSV25
"@dlepeska @TimepDC Dear David, I hope Erdogan's mentors won't translate into the Turkish ,otherwise he may use it against Egpytian leader :)"
@DocThompsonShow @skiplacombe Did you see Bobby Jindal's comments on Westborough Church? No respect for 1st amendment maybe #notthatguy
@durdurulan Erdogan cannot be allowed to get away with what he is doing.He lost the June 7th election and now is seeking to undermine it all
"@EastMedMonitor @richardcalhoun @hamzaaktan If Erdogan still thinks that Turkey may join the EU, I think he might be dreaming. Won't happen"
"@eattherudecast I think it's Hannibal and Clarice on the run together, which I loathed, but Bryan's talk of an ""inversion"" may make it work"
"@eyesonfoxorg @Microsoft I'm still using Vista on one &amp; Win-7 on another, Vista is a dinosaur, unfortunately I may use a free 10 with limits"
"@fleetwouldmac over critical of fleetwood mac, he may have been a little bias and edited some things out... just a theory :D"
@foxandfriends  Hillary is sorry now that she may be facing criminal charges for what they found in her email
"@Giroudesque Gabriel doesn't even make Arsenal's 1st team, enough said."
"@GreensladeR Also the detail that the BBC, reporting the later date on 2 September, simply assumed ""US drone strike"" http://t.co/zQkTYuE73d"
@greggibson86 @landoncreynolds tru....I may still need to glance it...because Jurassic World straight sucked
"@greta when you talk about Ben Carson please show him, not Jeb Bush like you did on your Thurs. Show."
"@GulfWarVet123 @oceanbcake Never have, never will; Scumbag MBH lowlife POS maybe, but NEVER Pres. I hope the 1st Iran nuke hits him &amp; Kerry."
"@HalfStreetHeart the ""Harper doesn't hustle"" narrative was born, and will endure, b/c of one dumb decision Matty's 1st month on the job"
@Harry_Styles still upset you didn't tweet about MetLife on Wednesday :(
"@HolyQueenOfPop @the_mdna_world the poor things are so jaded!  Nobody cares about gags, Madonna is going to shit on her premiere tomorrow!"
@HughRundle @parody_bit @edrabinski Hadn't read the full thread on 1st reply. I forgot people might not know Google isn't live results.
@IbadPoulette Remember how NYT aided Bush's March to Iraq War?  They need to be truthful &amp; they haven't with Hillary.
"@ibster45 Even if Arsenal admits he's out 6 months, we're not making a major signing in Jan... that's if we make any signings at."
"@iFicS Honestly- do you actually remember a @YouTube update that DIDN'T make things worse? Well, the upcoming google+ decouple may count."
@insanityreport @rodimusprime there's no middle ground with her though. Her Jay-z insights used to veer off into the 3rd testicle range
@InsideTimeUK Was having trouble yesterday downloading Septembers edition using Google? Loads the 1st page then crashes?
"@itsrobotface DO NOT watch the Kurt Cobain doccie. Just don't. Self Portrait, The Cult of JG Leroy, virunga &amp; They Will Have To Kill Us 1st"
@itssabrinagable some acc on twitter which is now suspended claimed tht he'll be killing harry on aug 5 at metlife
@itzyourboy_ if you think Harry Potter is better ur not gunna survive as an adult lol honestly though when I went to Logan 3rd was the best
"@JenniferShutt @politico @mkraju ""Bennet later dodged a question about the possibility of a Joe Biden run"", 4th down eh? UR all hypocrites!"
@jimmie_vanagon my phone does not run on latest IOS which may account for problem the other day .. time it was replaced
@joshmccarthy_ @WelBeast lol Moyes went from 1st to 7th and LvG went from 7th back to CL and they're the same level? Only Arsenal fans
"@justinlarson34 Justin, I think you got that backwards. See my Sep 3 post on Obamanomics outpacing Daugaardonomics: http://t.co/hYwRzTs4B0"
@KennyHerzog In this series the Nationals may have lost the division and Harper may have lost the MVP.
"@KevinInABQ Also, Hillary may begin to give the perception that perhaps she may tend to allow herself to be portrayed as less than accurate."
@KGullic I think everyone is having trouble with it by the sounds of it Kerry. C'mon @support sort it out please
"@Kurdistan_dd Erdogan is a pure nutcase, we all should've seen this a coming, Kick Turkey out of Nato. May God Bless the people of Kurdistan"
"@LandOfSteve haven't listened all morning, WED is an IPod day, besides don't want to hear about Astros choke job"
@Lawson890 @AdamRubinESPN @msimonespn @ynscspds Goldschimdt? for leading a last place team? Harper? may not even make the playoffs lol
@Lexus just told by @MotorWorldLexus no loaner car until the 27th great Lexus experience.Definitely not the expectation that was set at sale
@lhommegirl @arzE fukkin loser it's totally abt Mariah Carey however studies show now she may be one-upped by u
"@louise_glen Bentley at the age of 16, fake boobs &amp; lips @ 17 &amp; Ferrari for her 18th just annoys me she's famous for nothing"
"@Lumia #Lumia @Microsoft 2nd, you guys haven't released a lumia that has a QHD screen, or takes video in 2k resolution yet."
@marthamaccallum 2 hell with Jeb bush with Spanish speaking We dont tell Mexico 2 speak English And I'm half Hispanic! English 1st N the USA
@mast84 how much more? (to be clear I hate Juventus) but this move doesn't make sense. They may offer 40 million to reach a deal so quickly
"@memoriesagb That's last weeks chart, this week's chart is coming tomorrow. They didn't post it today because of Labor Day."
@MicheleBachmann  Why no mention that Jeb Bush sat on the board of the fraudster's fake company? Nice try dumbass.
@Microsoft @MicrosoftHelps For the 2nd time I have been charged for something I wasnt made aware of. Person on the phone didn't care.
"@Microsoft @Windows Daily windows updates suck! W/ all the $$$ and drones U have working 4 U, maybe U guys could get it right the 1st time?"
@Microsoft 2nd computer with same error!!! #Windows10fail Guess we will shelve this until SP1! http://t.co/QCcHlKuy8Q
@Microsoft Heard you are a software company. Why then is most of your software so bad that it has to be replaced by 3rd party apps?
@Microsoft how about you make a system that doesn't eat my friggin discs. This is the 2nd time this has happened and I am so sick of it!
@Microsoft Is it normal that it takes hours to check the email name for creating an microsoft account? 2nd try!
@Microsoft may you PLEASE release versions of Windows when its stable Windows 10 is no where near stable!
@Microsoft On hold with support for 52 minutes now. C'mon.
@Microsoft support for 365 has been terrible. On the phone for an hour then got dropped. So far not worth the headache. May ask for refund.
@microsoft ur company will give me my 500 pounds plus the cost of the laptop on Monday for what u did to my laptop!
@microsoft using Office 2013's Bing dictionary. type in "bound." This is the 3rd picture they show me. WTF?... http://t.co/VzwGIoLxco
@MikeWAiken at any rate Harper is sinking fast he is talking resignation after 19 Oct.
@MikeWolf1980 @Microsoft I will be downgrading and let #Windows10 be out for almost the 1st yr b4 trying it again. #Windows10fail
@Monomirror JELLY. Mine won't be here until Friday because Amazon are tight with shipping dates :(.
@morningmika what was the reason U did  not ask questions in the Kerry interview  Sat in silence When U speak it is only to mock the right
@MrMandolino XD my brain may be a little wounded from translating google translate. or a lack of nourishment... one or the other 8D
@MSAU @Microsoft spent over 40 mins &amp; gave up coz it changes just before you print every time. C'mon team. Earn your dosh pls.
@musikate @catawu @cmbsweden @verge sorry her shenanigans eclipse any real talent she may have..at least Madonna was strategic w/shenanigans
@Mwforhr ..as the 1st November election nears Erdogan may dither &amp; push US to do this difficult task &amp; take the blame http://t.co/6AfFXGMsrc
@NariahCFC against barca pre season stand out player 1st half.. I dunno what's going on with us atm frustrating to see us lose
"@nationaljournal @dandrezner Donald Trump:  born on 3rd base, but now believes that he hit a triple. Friend of working man?  No, He's a bum."
@newbsradio let's go easy on the pigs. I just can't stand the sight of Harper. It's the 21st century...can't we teach robots to love?
@NEWS957 Harper &amp; cabal insult the intelligence of Canadians on a daily basis. Tired of all the lies &amp; spin. Roll on Oct 19th! #auditthisPOS
@nytimes What the world needs is for Angela Merkel to kick him in the nuts the 1st time Trump calls anyone around the G8 table a loser.
@OANN 1/2  I can't believe I'm defending Jeb Bush but here goes... 1st: No official language here in the United States of America.
@offtheball went to QF with Kerry lad who before game hoped that dubs would not beat Kerry by a cricket score. Game over in 1st 10 mins cute
@ohiomail @Reuters I saw that the other day.Maybe with more time on Monday we can get more into it.. That damn Erdogan! Hope it blows up in
"@Old_BaldFat_Guy @a3auntie All the Beverly Hillbilly Cast, Granny Hillary, Jeb bush, jethro boehner, eli may ?,  banker Barak."
@OutnumberedFNC @ainsleyearhardt Hillary's 1st Tele News explan "The server I used was set up by the Secret Service 4 the Pres" Y 4gotten???
@PaulMerse Are you on drugs? You're deluded if you think Arsenal will finish 3rd. I expected your Spurs prediction. #Speaktofrank #Deluded
"@PeterClifford1  I have not read the links yet, will do. Agree Erdogan is problem, Turkish people not stupid.  May not last til election."
@PhilWilliamsHQ Bobby Jindal may care about Planned Parenthood but he's a crappy La. Governor
@picardonhealth @jdvorkin Yellow journalism.  But you know?  This may be Harper's Waterloo
@PKKuRD @sarahleah1 pkk broke the truce July 15 by a declaration and then murdering policemen but Erdogan is warmonger. Yeah right
@PolitiBunny The ONE GOOD thing Trump may do in the LONG RUN is Take OUT Jeb Bush. Trump is targeting Jeb as his Main threat.
@rConflictNews Very possibly he is right. Erdogan in low hours crises may have used Isis to win nationalists votes attacking Kurdish
@ReaganiteGOPer @Freedomoffreedo they are ORGANISING this invasion with the help of 5th columnista Angela  MERKEL who is selling out Germany
"@realDonaldTrump @JebBush Jeb Bush dug himself a deep hole with his ""Act of Love"" comment.If he was +3% yesterday, he will be -3% tomorrow"
"@realDonaldTrump may not be my first choice for president, but I'm voting for him if he's nominated. At least he's better than Hillary"
"@realDonaldTrump We need to terminate this horrible deal with Iran on the very 1st day in office, but JEB BUSH REFUSES! End of discussion .."
@RealJamesWoods I hear that Hillary's Authenticity Czar is going on the Sunday shows.
@RGentle8 No idea sorry! Just kno pundits say Trump will prob. lose popularity later as he has little policy. Poss Jeb Bush may get Rep Nom?
@RufusKings1776 This must be the 20th time this old advice to Hillary has been recycled as "news."  She is who she is. That's her problem.
@samsung @SamsungMobileUS this is my 3rd Galaxy Note 4 and still glitchy I have to restart it about 3 times a day. What happened to quality?
@sassygaycallie I'll share 1st. I don't care for c-Lud because of her weird crush on Justin and how sorority girl she comes across. Ur turn!
@seanmdav Hillary's aides say alot of things - except the one taking the 5th. #Hillary2016
@SharylAttkisson We may not need Bernie Sanders after all. Because it appears America now reflects Scandinavian apathy more by the day.
"@Shauncore he could, but Harper has been a freak all year, and Votto's 1st half wasn't amazing."
@Shehroze_MUFC we are 3rd same as Bayern after RM and Barca. why the fuck are you taking the name of that snake.
@shockadelicaa Just until the 17th or some shit. I don't want to see Madonna spoilers.
@silver1110 it's easy if you're Donald Trump.  "I'm the greatest!  The rest are losers and 3rd rate!"
"@SIstingrays @StevenMatteo Monday was the Labor Day holiday. We are catching up with the 11,000 tons of trash that didn't get picked up."
"@slone people are no longer in the dark, SM has changed the political landscape forever! Hillary can't hide anymore http://t.co/ZKN62jA6nI"
@Smith_RFKennedy @nishelo why nobody have ever said it about any country outside Africa? : why Angela Merkel ran again for a 3rd term?
@StephenGutowski Iran may regret it. But only if it happens under a GOP President after Obama and Kerry are gone.
"@Talk2Cleo @KerryMacuska That's right, ladies. I'm blaming everything on Kerry. Cleo this show may well eclipse the numbers of @JakeNeedham"
@TanBiitches bitch you sucked dick you got more than a bumper sticker and you may have been a Bentley but now you a prius
"@TarekFatah Mulcair, Trudeau and May are all weaklings just like Harper. Mulcair must dubious and dangerous of bunch. Apologist for Isis."
@tbridis this why people don't believe anything Hillary say this person will soon take the 5th
@TedStarkey even a successful bunt puts us right they are now 1st and 2nd 1 out after the IBB to Harper. So dumb.
@THansarayli @BojanBB an Erdogan hater wouldn't be an AKP voter in the 1st place. Especially when Erdogan is out of the party now.
"@TheFive C'mon @Greggutfeld! If anybody needs your harsh advice , it would be your friend Jeb Bush! @donaldtrump does a heck of a lot better"
@thehatprincess because it's August 5th and someone threatened to kill harry today at MetLife
@ThePeoplesBacon @maddow @msnbc Maddow was right. #FoxNews did a hit job on the 2nd tier candidates. Not that I care about Bobby Jindal.
@therealgokwan what I hate is when the sun brings out the men who think they look like David Beckham but dont..put it away!!
@TheYoungTurks @cenkuygur HELP!! Bobby Jindal has just doomed Louisana.  http://t.co/EZ0VM6p326 http://t.co/RoQWR3kPn3
@thisisanfield show some bloody respect. Google+? he may not be world class but you'll have been singing his praises a few seasons ago
"@THR She has the right to disagree. I hate Madonna! But don't think she should be stopped singing her shitty songs. 1st amendment, bro!"
"@TigonisYesis @ChrisCoon4 @ActForAmerica May I ask, have you read the bill, including the provisions that neither Congress nor Kerry saw?"
@tomwarren @microsoft the lumia cityman looks terrible and its blue not Cyan?! Buttons may be too small. #Lumia 730/735 has a superior look.
@ToniFoxx @angelia_savage LOL - 1st off it'd be wah-zee. Israeli start up - dev in '08...sold to Google maps in '12 for $1.1Bil. #SoNotFair
"@TPM If the Communist @PaulKrugmanBlog likes Donald Trump, I may have to rethink things."
"@Turkeyreport PKK may revoke all plans of Erdogan. For example, it can stop killing."
@UtdRantcast @br_uk do you think Chelsea deadline day bid was real or just spin by mufc to try and justify the fee? Think it may be latter
@VofEscaflowne this is the exact reason why I don't preorder Friday releases from Amazon. They always push it back to the Monday delivery.
@ZinedineHimovic you're Floyd may weather and I'm 50 cent don't make me force you to read full sentences from Harry Potter
"1st day back at work after a terrible week off and I've forgotten my ipod, security pass and lunch! #mondaydaze #cancelmonday"
1st Donald Trump then Kenye West? Presidency isn't even about politics anymore it's a damn popularity contest these days..a joke - my dad
"3rd day in LA, STILL not seen David Beckham"
"3rd rep just hung up on me. Absolutely devastated at how @microsoft's customer service treated me, wow."
5 reasons why Arsenal would be WASTING time and MONEY on Simone Zaza: Arsenal have been linked with a January ... http://t.co/vjI0f4g11o
6 Apr 2015 - David Cameron tells 'fruitcakes loonies' - it's time to come home &gt;https://t.co/PDizoSaeRd  war is won http://t.co/PvLu06k2c2
"7,000 seats for an Apple product announcement? iPhone is just upgrade. Apple/Siri TV may be big. I wonder who's playing? TayTay? Billy J.?"
87 years of Italian Serie A history produced a first for Juventus on Sunday: they lost at home on the opening day of the season
"A day after taking steps to warm relations with Hispanics, Donald J. Trump may have taken a step backward when he suggested that Jeb Bush"
A Guardian article THINKS Erdogan is the Prime Minister of Turkey &amp; apparently TR sees all Kurds as a threat not PKK http://t.co/FjHTZldB7P
A little worried about Amazon. The collection was meant to go up on Saturday but is still not available.
AC/DC is in Toronto tomorrow and I can't believe I'm gonna miss it
Accidentally left iPad sitting in the sun too long. Had to stash her in the freezer to cool down #whoops #straya
"According to my DVR, the penultimate episode of HANNIBAL is just the 4th quarter of a NFL preseason game. I could eat a face."
"According to rolling stone, Kurt Cobain is the 12th greatest guitarist of all time... Somebody actually thinks this and it hurts me."
After 75 minutes of being on hold with @Microsoft in India 1-800-936-5700 "Adrian" wants to transfer my call again (3rd time) #Windows10Fail
"After a disappointing end to the 3rd season of OITNB, now to see what Hannibal is all about."
"After attempting a reinstall, it still bricks, says, ""Windows cannot finish installing,"" or somesuch. @Microsoft may have cost me $600."
"After witnessing it, I now realize I've seen Amazon Prime day every Saturday for years....we call them ""garage sales"""
Alabama State Troopers investigated seven fatal traffic crashes that resulted in nine deaths during the Labor Day holiday from Fri. to Mon.
All the hoes will be out this Saturday at the Chris brown concert.
"Also, my fucking iPod got stolen at snipes &amp; the only thing I can't let go of is the music. Take the 1st gen iPod, just want my Jamz back"
Amazon Prime Day beats Black Friday says retailer Amazon Prime Day may have been an excuse for the retail... http://t.co/etdwgObjC2
Amazon Prime Day Disappoints Some Shoppers: Amazon Prime Day promised 24 hours with "more deals than Black Fri... http://t.co/IC2k72pSXV
"Amazon Prime Day disaster: 16 people who may never get over it: Amazon Prime Day, despi... http://t.co/rhQjPgJcaG http://t.co/uag8Lw1DTu"
Amazon Prime Day is a bust. This was going to replace Black Friday? Now I feel justified in sleeping through "sales." #AmazonPrimeDay
"Amazon Prime Day is basically all the stuff that was left over on January 2, right? LAME."
Amazon Prime day is black friday for people with a fixed address #PrimeDay
Amazon Prime Day is just like Black Friday if you only buy bulk protein powder and will-making software on Black Friday.
"Amazon Prime day is pretty much a bust at this point. Black Friday, its up to you to save us."
Amazon Prime Day is the equivalent of drinking alone at home on a Friday night.
"Amazon Prime Day is to Black Friday, as a root canal is to Christmas Day.   The hype didn't live up to the delivery."
Amazon Prime Day its better than black friday if you are into buying useless crap. This "sale" isn't worth having Prime at all.
"Amazon Prime Day... tried to be Black Friday but realized it was, in fact, born white. #PrimeDayFail"
"Amazon Prime Day: What all the fuss is about: Amazon's Prime Day promised massive deals rivaling Black Friday,... http://t.co/DUhXiEglXm"
Amazon Prime Day? Amazon Scam Day is more like it. More deals than Black Friday my ass! http://t.co/ErRgfAbaXt http://t.co/y73hvTOy9Z
"Amazon Prime fucks me off so much, like you get really into something and then after like the 3rd season you have to pay. FUCK OFF."
Amazon prime is literally a lie....I ordered a book LAST MONDAY &amp; it still isn't here. do better @amazon
Amazon rainforest: Lungs of the world has lost a 10th of its trees in 5 decades http://t.co/Ox3QzWX65P
Amazon's refusal to integrate nicely with the Android ecosystem may have been its undoing in the Fire phone market.  http://t.co/6mBZz0eazc
Americans taken hostage by Iran Houthis back in march ..Kerry kept it quiet while Iran deal was being negotiated  so Americans would approve
An interesting toy. Looks like the the Swatch CEO isn't a fan of the Apple Watch (via guardiantech) http://t.co/iur8nx6dBP
"And @Microsoft's Mail, Calendar, Music, and Video apps have been rewritten for the third time in four years... https://t.co/Rn27JuMGMP"
And 2nd it wasnt harrys fault that he had ran over your ipad so whyd you ask him to pay for the crack like wtf https://t.co/5MSumtM2qk
"And just when I had a few nice things to say about Google+ in my 2nd edition, I've gotta omit it entirely. Much like Google's doing."
Angela Merkel  after 10yrs in power she is seeking a 4th term.Let just imagine she was an African leader..
Angela Merkel and a Palestinian asylum seeker:http://t.co/skU8zM7Slh Get civilized Islam! Stop crowding our world with your barbaric ways.
"Angela Merkel may need as many refugees due to long penises from Africa to record movies, etc ...These cultures do not belong in the EU."
Angela Merkel says border controls may have to be restored It's a pity she didn't  listen before it was too late.
Angela Merkel tells sobbing teenage refugee slated for deportation that Germany "just can't manage" to help everyone http://t.co/ycbO01W8X5
"Angela Merkel to run for 4th term....if this happens in Africa, UN, US, G7 etc will be planning to invade the country...hypocrites #africa"
"Angela Merkel told UK to take more of her 800,000 immigrants.That was April.Now she's putting in border controls http://t.co/lQNpkaGJZC"
"Angela Merkel, explaining to a crying child that Germany might just deport her. http://t.co/56aTBHvIUR http://t.co/yxtjaitzSO"
Angela Merkel's jackets: many colours but just one look http://t.co/ifVnBuQfgf
Annoyed sister still owes me money and shes going to Disneyland tomorrow wtf
Another example of David Cameron campaigning on one thin and then doing the exact Opposite http://t.co/KbbX5sISy9
Another nail in the coffin to Jay-z failure 'Tidal' as Cash Money sues for $50m over Lil Wanker's album @MarkDice http://t.co/iFpOECcl7a
Any NFL fans tell me why this new BBC deal only includes highlights on TV from November? Seems a bit late in the season. #NFL
"Anyone up for an internet pool on when the Russian pilots shoot down the 1st Turkish aircraft? Erdogan, may wimp out &amp; ground his aircraft."
Apple Watch is a FLOP as aales of the gadget have ... http://t.co/eURFhg06GC
"are yall really mad that he's paying $200 to fix a broken iPad, don't yall have bigger problems to deal with  https://t.co/bDigQfbZOd"
"Armed with the tools of power &amp; intimidation Harper is trying to steal our country.  On October 19th, armed with pencils LET'S TAKE IT BACK."
Arriving Tuesday is decidedly the least Prime my Amazon Prime shipping has ever been. Wha happen?
"Arsenal defender, Mathieu Debuchy has been linked with a January move away from the club. #AFC #Arsenal"
Arsene Wenger admits Arsenal must be "more realistic" about their Premier League title chances after losing 2-1 at Swansea City on Sunday.
"As you may have guessed, I still can't get over Fairhead being head of BBC.   Shows utter contempt for law &amp; British people. #hsbcfraud"
"Author: IF I've EVER reviewed your book, grab a screen cap NOW! Amazon may pull it down. http://t.co/jA1RTUZlBp http://t.co/hs0Lox27ez"
Authoritarian titmouse David Cameron uses the same bullshit to justify drone murdering Brits. @POTUS is so proud: http://t.co/L2blxk5usP
Award winning @yavuzbaydar is accused of "insulting Erdogan" he may face up to 5.5 years in prison. Shame on #Turkey https://t.co/uA5PzFlec4
B texted me and told me that she &amp; her mom went to see Magic Mike XXL (she loved the 1st one) and she hated it.
"Batman may be running better, but they have force disabled SLI on the game. @WBHomeEnt IS A JOKE!!!"
"Before George R. R. Martin finishes the next book, some of the Game of Thrones actors may die of natural causes. Take your time George."
"believe it or don't, but this version of informix isn't supported by anyone anymore. I don't even know whether IBM or Sun own this thing"
Bernie Sanders is about to torpedo any chance Hillary might have of winning the White House going 3rd party. lmao http://t.co/8ZJnDa2Iur
"Bernie Sanders may care about the issues, but does he really understand them? That is the question."
"Beyonce outperforms MJ Michael didn't look like he was trying to get rid of a wedgie while performing, but if you say so, Jan."
"Beyond frustrated with my #Xbox360 right now, and that as of June, @Microsoft doesn't support it. Gotta find someone else to fix the drive."
"Big Rally tomorrow, again it looks like too little, too late.  Where was everyone before Kerry and Obama F'ed Up? https://t.co/idqCp02CNc"
"Bio on Monday but I'm reading this instead, well bio and Batman both start with b!! http://t.co/yOP4XfhoKF"
Bit concerned my brother hasn't read the facebook message I sent him asking him to bring me the last 2 episodes of Hannibal tomorrow.
Bobby Jindal attacks Hillary saying the democratic frontrunner may go to jail http://t.co/zDK7Iduri5 http://t.co/IEi8k1VdYh
Bobby Jindal clearly has been spending too much time in the sun.  https://t.co/oKxKQYX3dH
Bobby Jindal comes off as a White Supremacist with a sun tan.
"Bobby Jindal does push-ups before Republican debate: Washington, Aug 6 : Bobby Jindal may not have made the cu... http://t.co/jGbYW9hDlS"
Bobby Jindal just PROVED he is not worthy of running for president of USA - HE CANCELLED PLANNED PARENTOOD IN lA. https://t.co/ohSsL2WMly
Bobby Jindal misses cut for 1st prime-time Prez debate:  Louisiana Governor Jindal ranked 13th in the standing... http://t.co/coaO3vueE8
Bobby Jindal wants to bring his harm to the entire nation as president he will never be.  https://t.co/ZLp8lnS3ih
Bobby Jindal wants you to assimilate to heritage of the old confederacy even though his parents are from January dot dot dot
Bobby Jindal why do you hate women? Planned parenthood may be only access to reproductive health care. @BobbyJindal #StandwithPP
Bobby Jindal will repeal the 14th amendment this guy would crawl over his dead mother just to fuck his sister for a pencil he deport himself
Bobby Jindal's goofy J looks like a patriotic bubble pipe I'd use as a kid on the Fourth of July. #GOPClownCar https://t.co/0DTH9WDrRG
"BREAKING PROPHECY NEWS:  Today, I present to you the 2 Horns of the False Prophet. Yesterday Friday, Erdogan was... http://t.co/kvlqKXkn79"
"Brothers off to Ibiza tomorrow and he's currently in the kitchen listening to Fleetwood mac, fucking loser hahahah"
Bullshit! That would then mean you'd piss off Messi. Then have to pay him more too.  https://t.co/MeABTj2Bvx
"But hey, if you're mad at Harper, go to the game tomorrow and tell him how you feel for all 9 innings"
But Hillary may go to jail for using her private email to break the law. https://t.co/CsPffM2azY
But on Friday she REFUSED to apologize in interview with liberal Hack Andrea Mitchell. Hillary is a phony. @CNNPolitics @HillaryClinton
"By Michael Nienaber BERLIN, July 10 (Reuters) - The parties in Angela Merkel's coalition government sent conflicting signals on the latest"
By Tanya Agrawal July 21 (Reuters) - Weak results from IBM and United Technologies weighed on the Dow and the S&amp;P 500 while the Nasdaq
"Call from ""John"" @Microsoft ""hello, i'd like to look at your computer, over the phone"" Me:"" ok, may I ask why your calling about my..(1/2)"
Can we just really piss Madrid off and sell De Gea to Barca in January
Can't listen to Fleetwood Mac's "Not That Funny" without feeling like it's being sung by a petulant 6th grader.
Choosing to read the transcript of the interview Mansbridge did with Harper due to the extreme 2nd hand embarrassment I'm bound to endure
Chris Alexander's TV meltdown on PnP last Wed. made the BBC's front page on-line. He blames media for lack of action on refugees. #cdnpoli
Chris brown is going to be in atx on Wednesday &amp; I'm so so sad I can't see my baby :/
C'mon Joe Biden. You really don't want to be President. Stop thinking with your ego and start thinking about the party and the people.
"Come on Win10 users, just to screw with Apple's statistics let's stream their live event from the Edge browser :) http://t.co/e7SphsrFHr"
Consult a Dr. If you will watch the 2nd half of Swansea vs ManUtd over Roma vs Juventus match @ 7:00
"CPC polling 3rd. Hate polls but I want to believe this. As individual CPC candidates come to realize that Harper is drag to them, Distnce?"
CTV Report Harper's troubled campaign may result in the dumping of his campaign manager Jenni Byrne #cdnpoli #elxn42 https://t.co/OD1AL1dzWX
"Curled up in bed watching Batman cartoons, it's a terrible Monday after all."
Damn I forgot to go off on Bernie Sanders supporters today. I guess I'll just hold off until tomorrow
Damn near thinking about selling my ticket to Chris Brown show on the 19th
"Damnit Amazon! When you say you're going to ship something on the 8th, I expect it to ship on the 8th!"
David Beckham has expressed his desire to be the next James Bond. He's a good look but his acting may be a deal breaker
"David Cameron is a disgrace. A migration free for all may not be the solution, but neither is turning a blind eye to it..."
"David Cameron is a disgusting liar. Up to his neck in criminality working with corrupt undercover cops, Theresa May covering his back. #GCHQ"
"David Cameron is an evil bastard, may karma catch up with him."
"David Cameron knew British pilots were using air strikes on Syria in July, but now refuses to welcome anymore refugees as he calls for peace"
David Cameron U bloody moron f**k U how dare u Kat in so many Muslims? What the fuck u think u r? https://t.co/U5y5j86LNT
"David Cameron, The Sun and The Daily Mail make me physically sick."
"David Cameron, Theresa May - you turn you back on this - you shame us all. Bri http://t.co/lSnPR2i1od"
David Cameron's approach to the refugee crisis brings shame on us all. By @pollytoynbee http://t.co/YopZuCoxOT
David Cameron's statement on camera on Thursday 03 September 2015: he will  take in 'more' of the refugees: was he speaking TO TV Cameras?
"De Rossi believes Juventus may struggle to cope this season as he does not think they have adequately replaced Tevez, Pirlo or Vidal"
"dear @Microsoft the newOoffice for Mac is great and all, but no Lync update? C'mon."
dear German citizens any concerns or criticisms you may have over my actions mean you are xenophobic and racist. i win love Angela Merkel
"Dear journalists, please quit with the Joe Biden stories &amp; speculation. He's not even our 3rd choice. Sincerely, Democrats everywhere."
Dear ppl who attribute vocal fry trend to Britney &amp; Kim K: have you ever heard Jay-Z talk? https://t.co/5kbwMWMcII https://t.co/TGIIFPwJwr
"Defund PP!   Says Bobby Jindal, governor of the State with the 5th highest teen pregnancy rate in the nation...  Maybe no, Bobby."
Did @Microsoft break Windows 10? Was working fine on Wednesday but now I can't get passed the login screen without it freezing up.
Did anyone see Hillary's Server Boy actually plead the 5th or did his Lawyers only do this in the media? @TGowdySC @greta @zerohedge
Did he just spoil the iPad Pro?  https://t.co/4wQWl5RhA5
digi is tomorrow and im not going ):::
Disappointing end to the match for Isner. Would've liked to see a 3rd set tiebreak but Federer is a robot. He's ridiculous.
Does @macleansmag still believe that Ms. Angela Merkel is the "real leader of the free world"?  http://t.co/isQfoIcod0 (Greeks may disagree
Does anyone know how to get around a disabled 5th gen ipod WITHOUT putting it into recovery mode?
Does Harper even realize there in 3rd place! Talk about burying you head in the sand... Stay the course... Of lies and deceit! #cdnpoli
"Donald Trump doesn't even know what the Quds force is--much less name its leader. Worth taking seriously, right? https://t.co/gdlfNRsz6S"
"Donald Trump for president...  Because if the GOP was going to be the butt of jokes anyway, they may as well embrace the roll."
donald trump is going to be in dallas on the 14th how do i make this not happen
Donald Trump is speaking here tomorrow so a bunch of GW students are going to protest and I'm totally going who has sign/rhyme ideas
Donald Trump is that kid that runs for 7th grade student council that says he'll give everyone a day off from school as if he has authority
"Donald Trump may criticize Jeb Bush all he wishes, but he isn't able to call Jeb Bush, nor his supporters, racist like the Donald is."
Donald trump may know business but I don't think anyone can fix our debt in 4 years and you can't sell the us
"Donald Trump: I will be in D.C. on Wednesday,1 PM, in front of the Capitol, to protest the horrible &amp; incompetent deal being made with Iran."
"E-books in US: prices rise due to deal Big 5 publishers with Amazon, sales down 9.3% (Jan-Jun 15) http://t.co/iaqoUrslrR /v @michaelbhaskar"
"Elbert Guillory's using the n-word in his latest ad. Also in La La Land, Mary cuts lose on Bobby Jindal  http://t.co/rePjcogxT6"
Erdogan "knows that the Dec. 17 and 25 corruption operations hang like a Sword of Damocles"  http://t.co/vqXuf8bNVm
Erdogan allowed ISIS to build a network of safe houses in Turkey. He now may reap the reward. http://t.co/sITuSpNAfL http://t.co/WRR6sk5SoA
Erdogan has waged war on the Kurds to stir up the nationalist vote for his next snap election in November.  #YourSilenceIsKillingKurds
Erdogan is bringing the country to disaster. Hope Turkish voters will be able to disavow his crazy policies on 1 Nov. http://t.co/fhcnJMnqoG
Erdogan is taking #Turkey to war to win an election. This may be the biggest miscalculation of his political career http://t.co/1ks3A1VwGd
"Erdogan may be about to take his push for power to a whole new level, and is drawing U.S. and NATO into his game"
Erdogan wants to silence critical media ahead of the November elections. @NickKristof
Erdogan: Peace process with Kurdish militants impossible  http://t.co/1F3riULRQc
Erdogan's gamble on bombing the Kurds may backfire in coming election http://t.co/9imgFy356s #Turkey http://t.co/4ryMGKd675
Even the security forces do not want this war on KURDS. Erdogan is a brutal dictator in the making.  https://t.co/4I6M6ndxz8
Everton Vs. Chelsea so early on a Saturday. These boys want to ruin my weekend. Why Lord.
Every voter in Scotland is being betrayed because David Cameron and Theresa May make all our MSP's job impossible. #GCHQ #Spies #bbcdp #pmqs
"Everytime I reread/re watch Game of Thrones, Ned Starks death at the end of the 1st book/season is the most depressing. #GoT"
"Everytime I watch the 4th Harry Potter, a part of me still thinks that maybe Cedric will return to the port-key... But he never does *cries*"
Express bus to downtown Fort Lauderdale may be cut: It looks like the end of the road for express bus s... http://t.co/esitgJFLtE Google
Failing IBM services ruining my Saturday. 10 minute test going on almost 3 hours now. And I am mildly hungover and tired...
Few people understand names - google+ may have failed because of it.  http://t.co/dkKtuvaQiU @adamshostack http://t.co/Z65Gp2paAI
Finally broke down and got Amazon Prime and the delivery on my 1st purchase as a member is late. @amazon I was expecting better.
"First it turns out Meek Mill is an Arsenal fan, now this. I'm finding a new club. This is a Barcelona account now. https://t.co/DYpw4xYH7w"
"Folks may think I dislike Beyonce. I don't... I am seriously not a hater. That woman works HARD, buuut I just like diversity in my music."
"Following the much publicized outbreak of measles that started in Disneyland in California in December, vaccine exemptions have drawn"
"For anyone who lives in the UK &amp;has ordered Shay's book from Amazon, it isn't available for release day delivery so it won't come on the 6th"
For the 1st time @Skype has a "High Startup impact"   Does anyone at @Microsoft have a clue? #Windows10Fail http://t.co/loO3yd5rwe
"Former Florida Gov. Jeb Bush said Thursday that his chief opponent, front-runner Donald Trump, is ""trying to insult his way"" to the White"
Four Hard Questions to Ask About Jeb Bush's Tax Plan: Jeb Bush's tax plan is coming out Wednesday. Expect the usual soaring language ...
Fuck a Saturday class I just wanna go home and play with our squirrel and watch Jurassic Park
fuck me I took so long to watch jurassic park and kept pausing it and then I sat on the remote and it changed channels and now its live tv
"GA Tech Game, Falcons Game, Joe Biden in town, Dragon Con, Labor Day Traffic, Rain Traffic..I may just stay the night where im at fuck it."
"Game of Thrones season 5 for free may seem too good to be true, but that's only cause it is. My day went back to being terrible."
Going to Digi on a day which isn't a Monday just seems weird and so wrong in many ways.
"Google forgot second page, as well forgot many things. The fax. And a bunch of other things.  Told work to expect it on friday"
Google+ is still spamming me. One wonders when they may concede defeat and pull the plug.
"Granted, I'm comparing it to giving birth to our 2nd kid, but I'll add my ""Well, that was anti-climactic"" to the pile re: Amazon Prime Day."
"Great, my cables have now been bumped from being delivered today to friday. Thanks Amazon Prime, really feeling the worth here."
Greentech Media When Donald Trump inevitably becomes president and turns the White House into a Mar-a-Lago... http://t.co/Q2TimvDJQP
Guy I'm working with probably disappointed that I don't care he's going to see AC/DC tomorrow
h. i'm going to make a twitter to use on my ipod at school/work tomorrow bc this fucks up my notifs
ha ha ha... Jeb Bush said he didn't need the base to win and he was going to prove it. But single digit 4th place in NH may be result
haha Jeb Bush is such a bore the guy in the background of this vid could totally not give a shit about this dirtbag. https://t.co/lQ57BgGTFg
Hannibal's 3rd season feels like it became more and more a parody of itself.
Hard to be excited about Eric church at wefest for the 3rd time in 5 years. Does literally no one else want to headline?!
"Harper, you may not think Justin's ready, but urine over your head."
Harper:NDP or Liberal Govt possible Harper's spirit broken tired of so Much Hate against him of his own making Given up the ghost Peace MON
Harper's NEW AD I am WHO i am not perfect but depend on me for economy  Harper slip sliding down the polls-3rd We KNOW WHO YOU ARE scares US
He asked U Donald Trump same questions he'd asked Carly just a few days before. She could anser them. You couldn't! https://t.co/IrUMNidiQA
Heads up: An important change to Amazon Prime effective August 1 will limit how you can share free P... http://t.co/BndStpoVJq @debtblag
"Hello, BTLs.  Every single one of you consumes BBC content even indirectly.  Stop whining. http://t.co/eRlzyrYthl"
"Hey @Microsoft, fuck you. I don't have Internet until Thursday and my Xbox one won't even let me sign onto my account offline."
"Hey @Microsoft, I reserved my copy of @Windows 10 back in June, but i haven't been invited to download. Any updates on the timeline?"
"Hey, can you set up Apple TV so I can watch Harry Potter while I get fucked up? --ladies and gentlemen, may I introduce you to my roomies!"
Hillary apologizes the way Kardashians wed--several times in quick succession &amp; never sincerely.
Hillary can take her phony apology and shove it where the sun doesn't shine. She is only sorry she was caught it's all about power.
Hillary doesn't want to run as Bill's 3rd term. Biden doesn't want to run as Obama's 3rd term. Both want to run as Sanders's 1st term.
Hillary gets emotional over talking about her mother -  tomorrow #MorningJoe will call her a fake. @ABC
"Hillary just may be that stupid, look at some of her track record screw ups. History tells it all. https://t.co/nzgqhXONTl"
Hillary looks as comfortable dancing with a child as she is coming out of the closet. https://t.co/A1JRg9Ac89
Hillary upset Biden may run; Jeb Bush upset Trump is leading in the polls; both had family in the W.H. both feeling entitled to be next
Hillary whacker @MichaelSSchmidt rehashes the same article he wrote 6 weeks ago. NOT ONE new fact in Sept 7 piece.
Hillary will not make history as 1st female Pres. She'll make history by being 1st Pres candidate to be indicted on criminal charges.
Hillary's campaign now reset for the 4th time. Adding humor and heart to a person that has #neither #sadtrombone
Hit me midway through the day that today isn't just 30th aniv of me being an Arsenal fan: also exactly 6mths since we beat Utd &amp; my dad died
Hooks looks like we may not have Sapphire Crystal on the Apple Watch
http://t.co/DVieCs9WDy 25 dead in key Syrian border town due to major isis offensive in collaboration with Erdogan and Turkey.
"I am ready to consider the possibility that Donald Trump holds a higher opinion of himself than the facts may, at times, warrant."
I am real mad that the replay of Saturday's Made In America Festival does not include Beyonce. Unhappy @TIDALHiFi subscriber!!!
I don't agree with Germany bailing out Greece for the 3rd time.Angela Merkel is retarded and this New World Order is a senseless stupid idea
I don't see why justin thinks it's okay to work Tuesday's.. It's fall were supposed to get $1 burgers at bar Louie and blackout
"I feel like I'll lose whatever ""cool person"" creds I may have had by saying this, but I honestly don't care about the Apple event today."
I fucking went to disneyland today but they had a marathon going on and one entrance to the park. Sat in traffic for almost 3 hours
I hated Tata Martino in Barca and I can't stand him coaching Argentina! Even though it's a friendly no reason to play 5 defenders in 1st 45
I have the worst urge to watch Jurassic World for the 4th time in theaters someone make it stop
I have till Thursday to know every damn word to every damn song Eric church is going to sing
i hope justin's concert thursday gets cancelled bc of the thunder storm thats supposed to happen
I just feel like you can't stan for everybody underneath the sun and in the same breath call Beyonce overrated. THE IRONY.
I just spent 5 min scrolling through Donald Trump's tweets. It is as though I have spent part of Sunday visitng a parallel universe.
i just unfollowed my cousin's posts on facebook because he called david cameron a pussy for saying we may need to accept more migrants :)
I lost the 7th Harry Potter book....  I'm legit crying now  this is my childhood
I love Ozil but how on earth is he the 1st choice corner-kick taker for both Germany and Arsenal? What the hell does he do in training??
"I may dislike like facebook, but I fucking hate Google+ with an unholy passion. What an ugly unintuitive interface."
"I may not be attractive,but we can talk about feminism,racial inequality,how toxic masculinity is,and how Donald Trump will ruin America :)"
I NEED to see Justin tomorrow at the today show but I can't skip class :(
I noticed Erdogan standing in that mosque whilst the rest were kneeling. Interesting snapshot is all I'm saying. https://t.co/cIvjUS2jvQ
"i out of 11 breakpts converted-not nearly good enough by Federer at #USOpen2015 . C'mon, Deliciano, you can beat Novak- Believe !"
"I really expected an Apple Watch to be a bit smarter than just telling me to stand up after I just sat down, only because it's 4:50pm."
I really haven't paid attention to Mariah Carey since I was like in 5th grade when she used to be popular
I really wish I didn't have work or school tomorrow bc I'd so be in the city to see Justin right now fuck my life
I remember I was the only black kid in my class in 4th grade and we had a play about Bob Marley but I lost the lead role to a white girl lol
"I saw something hideous &amp; disgusting on the road side. Broken &amp; long dead. It not sure, but it may have been Bobby Jindal's last scruple."
"I should remember that I may not care what Apple is announcing,but I do care about massive #sf disruptions like Apple @ Bill Graham. #fb"
"I think Google may be worried that if they allow people just to add sites on Google Now, then people will use it like Google Reader."
I think on some day's may the spirt of Kurt Cobain be with me so I dont  bitch slap everyone
"I think, sadly, that Kurt Cobain and Philip Seymour Hoffman may have, despite their grim deaths, glamorized the drug"
I thought @Microsoft was retiring the Lumia line to give way to Surface Mobile? I guess not. https://t.co/7NRWeBqjEN
I thought I had enough strength for the Hannibal finale. Tomorrow is lost.
"I turn 30 soon &amp; a friend went missing on a Tuesday nite, the other who has his iPhone doesn't know how to use it, &amp; I wasn't even there"
I used to have the dopest bob Marley shirt for tomorrow but now it's gone:`(
i wanna go to digi in Houston but my mom said she refuses to give me 50 bucks.. looks like i need a job before sept 9th
I wanna yank off Donald Trump's toupee but it may bite me
"I was really excited for the Amazon Prime Day sale, but everything is garbage. Better than Black Friday my butt!"
"I was SO disappointed with Magic Mike XXL!!! If it would have came out first, I dont think I would have watched the 2nd one."
I went to class with no paper on Monday so I had to write the notes inside my book.. That's why there shouldn't be class on Labor Day
"I will be so good at the military, your head will spin. -some 4th grader who wants to be a General or Donald Trump, Presidential candidate"
"I wish I could spend my bday at Disneyland. But it's blocked, and it's a holiday, and it's December."
IBM warns corporate use of Tor will leave networks open to attack: 25 Aug 2015. Jason Murdock The use of the T... http://t.co/NzUU6W7zLN
ICYMI: The 'failure' of Google+: A round-up of interesting technology-related links you may have missed over t... http://t.co/oTAvvoFQSk
I'd call it plugins but Apple calls it complications https://t.co/dMNUgyf7G0
I'd rather let Conor McGregor full on kick me in the dick than go to work tomorrow
I'd say I want to be like Kurt Cobain but I can't bear the thought of living till I'm 27. Blow my head off with a shotgun tomorrow.
If Amazon Prime Day is "better than Black Friday" then I'm going to sleep in!  Should have been called Amazon Garage Sale Day!
"If Bernie Sanders gets elected he'll create 2nd depression by high taxes, outsource jobs,small businesses collapsing https://t.co/smtMptt8h6"
If Bob Marley had alien fans he would be depressive and kill himself after the 2nd album.
"If Draxler news is true, Juventus has been humiliated this transfer window. May be leaving without the trequartista they need and 0-2."
"If it's not a ""Larry-sized problem,"" then why did he pour so much money and resources into Google+?  https://t.co/9oFmyfPwCt"
If Jeb Bush wins by some far chance the flood gate will be really opened and our 1st language will be spanish
"If Messi gets injured tonight, Dallas won't exist tomorrow. https://t.co/9JlZf9f5Lh"
"If the world doesn't end with the blood moon, and Donald Trump becomes president, I may need to do something drastic. Like go into a coma."
"If they ban all p0rn in India, Chrome's Incognito window may be the next thing to die after Google+."
If this new iPhone sounds like it'll suck after tomorrow's announcement then the joke's on me for saving up to get it.
if you can't handle me blasting mariah carey fantasy on repeat with all of the windows open on a sunday arvo then don't live in rosebery nsw
If you put the Samsung S-Pen Stylus in the Galaxy Note 5 the wrong way you may break the pen and possibly ... http://t.co/DnMhBkXiSX #FF
If you see someone getting pummeled to the ground in Digi tomorrow it'll be me chinning @idkimgeordie cause she's a fucking cheeky cunt
"If you're bored, Ask Siri, ""Hillary sucks big green donkey dicks"" prepare to laugh like you were in 8th grade!!"
I'm all for exploring but this look like the island from Jurassic park lll I may have to skip  https://t.co/ZpQUAcvTKd
"I'm at my follow limit. Rude. I will go on my iPad tomorrow and unfollow all the little bitches who ain't following back. K, bye."
"I'm bummed with Amazon Prime right now. I ordered something and it was supposed to be delivered today, but it wasn't and I leave tomorrow :("
i'm going to digi tomorrow &amp; i'm so scared
I'm going to fight Justin tomorrow during lunch idc idc dc
I'm gonna go to the fair on Saturday while everyone is at Chris brown lol
I'm kind of confused why my Amazon Prime stuff that shipped today isn't coming until the 19th-24th. That's certainly not two days.
I'm of the opinion that there may be a military coup in Turkey. There are similarities between Erdogan &amp; Menderes. https://t.co/0lwv6wuBd4
I'm sad I can't watch Messi and the Argentina squad on Tuesday :(
I'm sat watching the worst Harry Potter film ugh
"im so bored i dont want to watch jurassic park for the hundredth time, i just want it to fucking be sunday already.."
I'm so frustrated with Game of Thrones and I'm only on the 10th episode
"Imagine: Arsenal are on the verge of winning the league with their 17yr old, 24 goal, Syrian hot-shot, flying.  And he's deported in March."
Is Fox News really Fair and Balanced? Sometimes I wonder about that! 1st Debate without Bobby Jindal.
"Is it just me, or is Amazon Prime Day less Black Friday and more your weird neighbor's garage sale?"
Is it me ... Or is the Amazon Prime Day ... Sucks . I have yet to find a great Better than Black Friday Deal! Damn I was excited too!
Is it the same David Cameron posing before TV Cameras on Thursday posing fabricated words of compassion who also preaches race intolerance?
ISBPL: #NEWS Joe Biden's wife may share his misgivings about another race: Jill Biden campaigned actively for ... http://t.co/Mmg8wDzAS9
It didn't live up to the "Black Friday" hype IMO --&gt; Amazon Prime Day leads to sales surge and consumer complaints http://t.co/2QUmJYts5y
"It is almost 2 o'clock in the morning, I have school tomorrow and my roommate is singing Mariah Carey at the top of his lungs in the shower."
It is reality that ISIS are on the march in Turkey and Erdogan can't wait to receive them with open arms https://t.co/SqGwfDoKx2
It looks like Google+ may be on its way out. We can only watch and see over the next few months. It never took off... http://t.co/JpwWhRMEnu
"It may be because I'm listening to the #GOPDebate on the radio, but Bobby Jindal sounds like Kermit the Frog. I like him though."
It seems that politicians can use the BBC to issue propaganda but no one else may. The recent marches and... http://t.co/8uzIMg5AE7
It seems that Vitor Belfort wasn't happy about taking a back-seat to Conor McGregor on Friday http://t.co/P2QqX4ZX4B http://t.co/dlj56kBuYz
It's a Sunday night and I just turned Donald Trump into an orc.
"It's Friday and I still don't have google+, Ross posted my latest video on Reddit, you can post your comment and discuss it here."
It's Grateful Dead night at the stadium tomorrow. I don't think anybody's grateful for that. -Mike Shannon #MoonMan
"It's Justin's funeral tomorrow, it was a pleasure to have known and worked with such a great racer. RIP Badass   https://t.co/HFCoNcJ4Vz"
I've just been told for the 5th time that my case number "will be escalated" to a Level II tech by @MicrosoftHelps @Microsoft @Windows
Jay-Z make time for Bey.. The President make time for the 1st lady. So where are you so busy at again?
Jay-Z stole Bigs actual words damn near da 1st 8 bars on "I just wanna love you" (give it to me)  https://t.co/xss5q3AlZy
Jay-Z stole his whole 2nd verse from "99 Problems" from Bun B in the UGK song "Touched". Come on y'all listen to old hip hop.
Jeb Bush attacking Donald Trump in Spanish seems like the 2nd act of a Greek tragedy where your efforts to avoid the prophecy make it happen
Jeb Bush is an utter failure Should drop out now as he is in 10th place
"Jeb Bush may have got himself into a bit of a mess. The presidential candidate, who will appear on the first ... http://t.co/jeL8ky8CMC"
Jeb Bush may have lots of cash and great political organization but don't compare him to Romney.  He doesn't have the moxie needed today!
Jeb Bush pretending he's a co front runner but he's in 4th place and Carly Fioriana bragging how she's in 2nd place in 2 states. Losers.
"Jeb Bush releasing tax reform plan tomorrow, Trump will say it is stupid, Bush a moron. His plan: Make America great &amp; put on top again,"
Jeb Bush should speak English only as it encourages ESL /we should be honoring this country - not making it into a 3rd world one!
Jeb Bush's ad blitz begins Sept 15th in the early primary states. http://t.co/hKBjJ3fTcV No poll movement by October? Donors might squirm.
Jindal: Bush 'got it wrong' on immigration:   Louisiana Gov. Bobby Jindal said Wednesday he disagreed with com... http://t.co/5EhN2URaD5
"Joe Biden for Presient? Really? He may be a nice guy, but the man is a buffoon."
Joe Biden is not going to run for President.  He may even resign as Vice President before term ends.
"Joe Biden may join Bernie Sanders in the Democrat primary... I thought the Democrats were opposed to fossil fools! ~ Emily Zanotti,"
Joe Biden may not have the "emotional energy" to run for Prez but no problem with the energy level necessary for VP job? #mtp @CNNPolitics
Joe Biden on economy: 'Something is wrong': Vice President Joe Biden warned on Monday that "something is wrong" with the American eco...
Joe Biden sat on his hands all this time never disagreeing with O.Too late Joe. U blew it.
Joe Biden wants to sit in on the hearings to watch Hillary's IT patsy take the 5th. https://t.co/tMomTOfyyM
John Kasich may is just Jeb Bush from the a different state. He's a mealy mouthed squish.  https://t.co/cDllS7Il9E
"Just minutes after Jeb Bush bashed Donald Trump in his stump speech on Thursday, Bush was questioned by a frustrated voter on what he"
Just sat in  Bentley and watched a girl munch down on a whole bag of Chips.. And I'm not talking about the tiny bags. She had family size.
just synced saturday's live set on my ipod. time to pick up fragments of my memories together and cry on the train...
Just to see a bitch that looks like Jay-Z? Got me fucked up on the 7th level of hell.
Justin has been my bitch since the 6th grade
Justin Is lost in the 1st minute. No experience #elxn42
Juventus had two men sent off as their dismal start to defending their Serie A title continued with defeat at Roma on Sunday.
"Kerry now starts begging Iran to release American hostages, Iranians laughing all the way to the bomb. # Sunday Morning Futures @FoxNews"
Kremlin support of Assad regime may lead to possible"confrontation" with US led coalition:Kerry #RAAF @RodgerShanahan http://t.co/mk8ttNCGGG
Kurt Cobain solo is not Nirvana! Nirvana is a four-piece! How dare you!? ;) https://t.co/5BSIuBZGzR
Lexus said it may be 2-3 more months before I can take my car to the dealer for the recall on fixing the... http://t.co/4YlZk2jIhj
Lost my iPad for the 2nd time today
Louisiana Gov. Bobby Jindal on Wednesday mocked Hillary Clinton with a prison joke about the latest developments... http://t.co/LsgohgjTxe
"Lucian Favre having 2nd thoughts about Gladbach qualifying for the Champions League - Juventus, Man City and Sevilla. Group Of Death."
Magic Mike XXL is probably the single cringiest film I've ever sat through at the cinema.
"Mama: Shoti, i bought 2 tickets to a movie, the title is MAGIC MIKE XXL i don't know why is that the but watch it with me tomorrow. Me:....."
Many reasons why #AskBobby is wrong: he's Bobby Jindal; he's @GOP; he's Louisianan; he loves @NRA contributions &amp; gun. There may B others.
"Marco Rubio &amp; Bobby Jindal, both born to NON-citizen parents call for revising the 14th amnd. Republicans' brain is a nanometrology wonder."
"Mariah Carey: ""I really haven't paid attention to Madonna since about like 7th or 8th grade, when she used to be popular."" MELHOR SHADE"
MARKET WATCH: NYMEX crude oil prices slipped going into Labor Day - http://t.co/CnKyBtN2Ie
May all the items saved for later in your Amazon basket increase in price #moderncurses
May be get @KTHopkins to do us all a favour and sink the thing with a gunboat (Leave Angela Merkel) https://t.co/k5XWF52hfM
mean time David Cameron is busy with thatchers death hmm https://t.co/7p8V3Y5xPH
meanwhile its half past midnight and my neighbours are sat in the back singing Bob Marley songs ugh
"Messi and Ronaldo please, but it seems we will be stuck with the duds that let us all down on Friday.  https://t.co/ftu8tveLku"
Messi has now failed to score against Atletico for the 5th consecutive game
Migration the real European crisis - Angela Merkel https://t.co/9Z5Y9kEyVk
Misinterpreting Mariah Carey lyrics. Apparently she wants to fly a family into the sun and something about tachyon beams. Star Trek fan ?
Moving video illustrates Europe's refugee problem: Angela Merkel tells sobbing asylum seeker why she can't stay  http://t.co/tkHyxMJPPH
muayad sat through an entire republican ad on youtube and now he's calling donald trump daddy :///
"My 4s is out of data till the 10th and can't connect to wifi anymore, I have an iPod now"
My Amazon package was supposed to be delivered today by 8pm. Guess that means I'll get it tomorrow before 8pm?
My dad just dramatically got upset at me for no reason but I was getting an iPad tomorrow so now what
My grandma "despises" me going to see an AC/DC concert tomorrow
Never been a Kerry fan but may they hammer 7 shites into Dublin and wipe the smile off their smug little faces!
never in my life will I root for Conor McGregor. one day ... (and that day may never come) .. someone will demolish him. #oneDay #UFC189
"New election laws crreated by cpc makes it difficult to vote against Harper Even w/ 70% of voters against Harper, he may still win #fixed"
"News in the #DMV: Commuters face ""Terrible Traffic Tuesday""; 6 shot, 1 fatally, in 2 DC shootings; Hot, 93; Nats lose, Harper calls out fans"
Nirvana was scheduled to headline Lollapalooza in 1994 but dropped out on April 7th. Kurt Cobain's dead body was found the next day.
"No blues starting for England! Sound for Saturday, Chelsea are getting fucked and Jose knows it"
"no diff from @Microsoft with BitLocker =at some point, platforms should provide data at rest encryption built in https://t.co/KATCGJER4W"
"No, Sam. The ""we"" in Kerry's statement is UNHCR, not the US government. Important distinction.  https://t.co/piNOmw6qbX"
Non stop Harry Potter in our house since Friday! Make it stop!!!
Not funny because it may be true and it certainly won't save your parents. But it is Batman @Neauxpe @crunchenhanced https://t.co/qAJRKNJDdL
Not much mention of Foreign Policy in the GOP ad tonight. Wonder if any of them even know how to pronounce Erdogan? https://t.co/wAgZUgTDee
"Note to IDS: David Cameron may be your friend, but he is not right, and he's certainly not honourable."
Now I'm trying to get to @MicrosoftHelps @Microsoft @Windows support online for about the 5th time.m
Obama's agenda was 2 destroy American Exceptionalism &amp; Kerry is just dumb. What language does Iran speak? We may need 2 learn it #tcot #ccot
Obama's new book title: "40 years in the lap of Erdogan: How I helped Islamo-fascists kill innocent people"  https://t.co/95aFEInu3Y
Oddly the Apple event will stream to a Edge browser but not to Chrome http://t.co/Uahli9KfIW
Of many single issue reasons to reject Harper. This is one. Imagine the cost of removing all that concrete. #elxn42  https://t.co/hTwpHozGOT
"Oh I get it, Joe Biden was here or something. That may explain the incredible traffic.  Or that may honestly just be Atlanta"
"oh ya know just watching a documentary on the real jigsaw murderer before my 12th first time in hell! (@ chelsea, wyd???????)"
Oh! So bummed @NYHiltonMidtown has no rooms avail on the 16th! Where the heck am I supposed to stay when I see Madonna?
Ok guys for the 3rd time MESSI WAS OUT OF PLACE THAT WASNT SUPPOSE TO BE A GOAL
ok inbox on iOS has a pretty animation for the sun but thew android version doesnt :(
Omfg? Magic Mike XXL was on cinemas last July 1st and I didn't even get to see it bummer :--(
OMG A Trump supporter on #CNN just suggested that Jeb Bush may have low testosterone which is why he's low energy.
"Omg people, we may not like Hillary, but wtf, leave the kid out of it http://t.co/70KW3lD1HK"
"On another note, it seems Greek PM Tsipras married Angela Merkel to Francois Hollande on Sunday #happilyeverafter http://t.co/gTKDxivf79"
Once more US foreign policy messes up M. East by flirting with Erdogan: Turkey soon may be the new Pakistan. Thanks! http://t.co/xbi8YjnS9F
One of my favorite characters on Game Of Thrones just died I can't go to school tomorrow I'm grieving
One of my Magic Mike XXL co-workers and the coordinator of the premiere I went to on June 30 this year died... http://t.co/MsYMeianAw
One of the summer's biggest questions: When did we start acting like JURASSIC PARK was an all time classic and not 2nd tier Spielberg?
Only going by the latest game stats but think I may have made a mistake backing juventus
"Only just realizing it's fucking Tuesday. Labor Day, you have messed up my streaming schedule! &gt;:O"
"Ordered 3 Amazon Prime items yesterday. One will arrive Saturday (2 days!), another Sunday (3 days?), the third on Tuesday (5 days???)."
ordered my back pack off of Amazon 3 weeks ago and it turns out they lost my package and school starts tomorrow #sick
Pathetic and misleading response by David Cameron to @DanielZeichner's question on 6th form college funding. He obviously just doesn't care.
Pausing on this day of my 31st year to yell at my ipad because pandora refuses to play the Carpenters' Superstar.
"Peter Capaldi states the BBC has no substitute, well what's Channel 4 you selfish parasite http://t.co/OAI1HcDKpX"
Photo: Someone fired a few shots in the 1400 block of Pollock Street on Wednesday night. Lexus took a... http://t.co/zKNzFVRVmF
Please stop acting how if you were a Mariah Carey update account. https://t.co/lPdfLTUnsT
"Prayer Requests From Sunday Mass: ""God, please allow Donald Trump to win the presidency, so that I will not be going to hell alone"""
Probably going to complain another 20 times today about how Justin performs on the today show tomorrow when I start school
Promised to take my niece to AC/DC tomorrow.  Soooo not in the mood now.
Putting in my 2 weeks at IHOP tomorrow but probably gonna get fired for it bc my manager is insane. Oh well.
"Really hope Chelsea start Baba instead of Ivanovic on Saturday, he's literally aged about 5 years over the summer"
Really not a good thing in the current regional context. Erdogan's playing with fire https://t.co/mYHPFkUY7p
Recep Tayyip Erdogan's Gamble May Not Solve Turkey Poll Impasse: Less than five months after the last legislat... http://t.co/W3RLfgnHXl
"Red Sox game I have tickets to tonight may get rained out, same with AC/DC concert tomorrow night. Somebody give me some good news..."
Refusing to own a gun may cost Jeb Bush dearly: Crime is out of control in America. Bush going unarmed will ma... http://t.co/LVGL6Ce9XX
Remember Hillary denied a server existed  ever day ! A liar for President  like Obama this Country will not survive  https://t.co/qfrjOXgSBz
Sat through Jurassic World w/ a screaming baby in my ear + a 6 year old climbing up the back of my chair. Ruined my experience @AMCTheatres
"Saturday I saw you, holding hands with someone new... That part does something to my soul. Circles by Mariah Carey"
"Saturday,  washing clothes, grocery shoppin', cleanin' out my LEXUS. As much as it cost, you bet I keep it clean, when able. Hate bein' sick"
Secret Service was at my house for Hillary's visit tomorrow. Quote of the day from one: "If you see the Agents start to run - you run too".
Shame all the fans that stuck around to see a six run lead blown and Harper make an out for the 8th time in two games. #Nationals
Shame on you David Cameron for not opening Britain's doors to refugees. People may not like it but it is your job to persuade them.
"Shock of shocks, the posts about Bobby Jindal's birthright citizenship/""anchor baby"" status are bullshit (http://t.co/YFv7FEr9Z2) ..."
Significant part of the migration crisis is caused by Turkey punishing Europe for the cold shoulder given to Erdogan https://t.co/pDsV5W1BSC
Sitting here watching Jurassic park: the lost world and remembering why the 1st one is my favorite. #ishouldjustwatchthat
Smells Like Teen Spirit playing between the top and bottom of the 10th. Probably not what Kurt Cobain had in mind.
"So @CNN is interviewing Martin O'Malley for the 50/11th time, but Bernie Sanders? Crickets."
So Amazon Prime day got rained out right? Cause there's no way those deals rival Black Friday deals. When's the rain date?
So cynical of the electoral board to make preparations for snap polls on Nov. 1 as Pres. Erdogan refuses to give gov-forming mandate to CHP.
so Harper is blaming Del Mar racing another meet for the summer meet's struggle.  Never change California racing.
So it turns out Amazon Prime Day *did* turn out a lot like Black Friday--overhyped and not worth the time. #BitterOldManTweet
So I've found at least 3 different typos in Jurassic Park since I started reading it. C'mon how long has this book been out?
"So the Sims 4 seems borked, Destiny won't download and I am at the bottom of a REALLY BORING shaft in Batman. Fuck you, Tuesday. Fuck. You."
so you have to have tidal to see Beyonce performance? I'm sure somebody will upload it but tomorrow.
Sometimes I just feel sorry for messi and cr7 that such immense talents may not add the world cup to their laurels....fuck!!!
"Sometimes you're just better off dead, there's a gun in your hand that's pointing to your head...' Wednesday's iPod selection"
"Sorry, Harper, but for once just take the blame. Nats' blew the game.  https://t.co/cQLmq9CofS"
Sound like Lexus  I'll believe it when I see it  https://t.co/Sm1Xjrf2Pg
Spending the day on the phone with @Microsoft. This is not how I wanted to spend my Sunday
Stayed up late to watch Jurassic World and I just remembered I have a football match tomorrow morning :/
Still bitter that they didn't tweet about MetLife&amp;now Augustana is opening the show tomorrow night. Just keep giving me reasons to be bitter
still can't get my IPOD 3rd gen shuffle to change songs cos of the USB NOT RECOGNIZED ERROR 43 shit. Does this mean I need new USB CABLE?
Still in search of the really Dayna Santullo. She's been missing since she willingly passed on a Chris Brown concert on Saturday
Such a retard! Somehow managed to get another trial for Amazon Prime and I've forgot to cancel it for a 2nd time
Sure but you still clogging on Donald Trump's shrolong ding dong Monday's through Thursday's so relax  https://t.co/ceTYjYEbFS
Take note: Putting stylus back in Galaxy Note 5 may break the phone  Read more at: http://t.co/sqUXfe43X5 http://t.co/U1VdH7msKh
tbt when i got my ipod stolen in 8th grade and i was only upset bc i thought whoever stole it was gonna leak the lesbian porn i had on it
"Thank you @RocksteadyGames ! Instead of beating up bad guys, Batman is beating up my PS4. This is the 3rd time your game crashed my PS4."
That moment when you think Google search ads for that distortion pedal showed up on your twitter feed. Nope. https://t.co/NVmKBn3pjO
The continued attacks on the 2nd Amendment will continue if America is foolish enough to ever elect Joe Biden for POTUS (Obama's 3rd term).
The Democrat Party may be finished if Black AmeriCANs are waking up to the reality of how Donald Trump SHALL... http://t.co/MCd9CQVi0b
The dude with the Bentley but still does alternate side parking on 2nd Street
The force was not with him when Jeb Bush tried to get social on #ForceFriday  http://t.co/KzF5HxztVL #marketing #millennials
The Grateful Dead may have laced a TV crew's coffee with LSD. Let's look at the tape! http://t.co/GF6nBJ2gMl
"The hardest thing about tomorrow will be leaving Bentley, but it'll be nice for my hands and feet since he's always chewing on them"
The ONE time we want to use the Amazon Prime streaming and it's down... grrr ruined my Sunday night! @AmazonUK
The pacing for the 4th Harry Potter movie was so ridiculously off and it ruined the entire movie.
The problem with Labor Day is that it makes every day following feel like a Monday.
The road to Erdogan's new sultanate is paved with blood: https://t.co/i88i9nmajC
"The Sun, for people lacking brain cells and David Cameron.   Pull the trigger http://t.co/Dm8VZnkhbk"
"The thing about being older is that when I see people like Miley dressing the way she does, all I think is ""Meh, Madonna did it 1st."""
The thought of the queue at Digi tomorrow is making me upset
The vile penny pinching Tories shame us all: David Cameron's limp action on refugees puts Britain outside the EU http://t.co/UFnDPt6aHD
The wildest lie I told a chick when I loved in ATL I told her I just got drafted to the Falcons in the 6th round before Google was poppin
They have google+ why would they want this shit show. https://t.co/ary4U2J7mV
Think Bernie Sanders may be headed for an accident with gym equipment like the one that banged up Harry Reid? @BernieSanders #Hillary2016
"This Amazon Prime Day thing is just like Black Friday, if you ignore the part where Amazon didn't put anything you want to buy on sale."
This has just brought a tear to my eye: Angela Merkel tells sobbing asylum seeker why she cannot stay in Germany http://t.co/OcpQQYNMoU
This is even more depressing than the Apple event. https://t.co/K7FxFYrT2z
This is for you ignorant fucks that think Bob Marley's birthday is on 4/20 https://t.co/iQUqb7lrqy
This is starting to feel like less like a petting zoo &amp; more like Jurassic Park.  ~me at the strip club for lunch on a Wednesday
"This is very bad for Juventus. Lose in the 1st &amp; 2nd gionarta? something wrong with formation i think.. miss Pirlo, Tevez &amp; Vidal already :("
This may or may not be true but it doesn't change the fact that Hillary violated the law  https://t.co/s6khyI4Vzh  @KatrinaNation
This will be the 3rd "revamp" of Hillary's campaign. Her numbers tank each time. She just sucks at campaigning in the new media world.
"To Erdogan, the prospect of an independent Kurdish state is more frightening than rampaging Islamists. #pkk #ISIS http://t.co/hP1y5n1F33"
"To look less guilty Hillary requests staffers to not plead the 5th,but use 2nd &amp; 3rd together. By: @weknowwhatsbest  https://t.co/8Spn6b7CP1"
tom brady supports Donald trump. Therefore he's gonna throw 4 pics and pull his hamstring on Thursday night.
"Triple Traffic Threat: #dragoncon.  Thursday @7:30, Falcons game, Georgia Tech game, and Joe Biden   on the downtown connector."
Trying to watch Any Given Sunday on Amazon Prime and there's big chunks of the film cut out
Turkey is pretending to fight ISIS but target Kurds! Erdogan wants to eliminated them like Turkey did with Armenians https://t.co/MT8osMSTPB
Turns out that annointing Jeb Bush the default establishment candidate may have been premature? you don't say. http://t.co/XVeQXKX6Va
Turns out watching the Kurt Cobain doco when feeling edgy on an oppressively rainy Sunday wasn't a great choice. Someone bring kittens.
U know Hillary is panicking when Chelsea Clinton will be speaking at the Amy Schumer show in Boston this Friday.
Um...Bobby Jindal (&amp; Scott Walker) don't love America or its Constitution--particularly the 14th Amend @eliasisquith https://t.co/iUtkPwBH7H
Unlucky Wales. Any news on the fitness of Stoke's scrum-halfs ahead of their game against Arsenal on Saturday? https://t.co/wvVuOLpFPM
Vic has a bias for action. He may need to do more work on strategy.   Inside the failure of Google+: http://t.co/kp8Yzytd7B via @mashable
"Wait, people are surprised Erdogan was covertly riding the ISIS tiger? That's just dumb. http://t.co/kFFstMpQj9"
Wait. People claim Hillary is showing her humanity because she chokes up talking about her dead mother? That may be the lowest bar ever.
Was the Amazon Prime day a big hit? Well.. there's a #PrimeDayFail hashtag trending. at 5 our @PriceCBS8 reports on what may have gone wrong
Watching the 1st series of Game of Thrones is bringing back painful memories
"We have finally discovered a day of the week worse than Monday: Amazon Prime Day. Seriously, Monday &gt; Prime Day. #PrimeDay #PrimeDayFail"
We tried to watch Jurassic World and watched like an 8th and the Internet died on us :(
"Well Amazon Prime Day kind of sucked, didn't it? I was hoping for much more. ""Bigger than Black Friday,"" huh?"
Well it's August 12th and I've just heard Mariah Carey's 'All I want for Christmas'...seriously?
Well one $99 Amazon prime fiasco later my stuff for the game Friday is guaranteed to be here Thursday...I'm counting on u Amazon!
Well strangers on the internet are calling me names on a Saturday night at 1 am about Beyonce so I'm done discussing her.
We're sat by the Thames and orally retelling Harry Potter and the Philosophers Stone. I am the worst at this game.
What a tool @Joelsherman1 is once again - Fans leaving in the 7th inning in Washington today is brutal.Period. No reason to go after Harper.
What did Bobby Jindal say? Wait...NOOOOOOO! Why do I get the feeling the GOP pushed Trump out 1st so the typical GOP crazy will seem better?
What I don't get is why donors would fill Jeb Bush's coffers!  There is a frightening division in the Republican Party that may end in loss!
"What's stopping Jay-Z, Puffy, 50 Cent, Lil Wayne from doing the same if they haven't already? @TotalMusicSnobs  https://t.co/YMJLbArKU5"
whats up with 9th graders obsession with weed and bob Marley ? pretty sure your mom would wipe your ass if she sees your posts about it ...
When David Cameron wanted military action on Syria he may have been supporting IS as he was against Assad
when digi is tomorrow but you're not going. @DigiTour
When Donald Trump called undocumented immigrants criminals and rapists he may have actually meant Christopher Columbus. The original.
"When the *NSYNC account tweets ""tomorrow night they're together again,"" I want the ""they're"" to be *NSYNC.  Not Justin and Jimmy."
When you have 3 1/2 tests tomorrow and a lab to do but your iPad is dead so you can't do shit :):):):):):)
When your friend gets a Lexus for her 15th birthday and you can't even afford a taco from the taco truck!??!!
"Whenever I see an ad for IBM, I think about how they helped Nazi Germany to organize concentration camp proceedures. http://t.co/oiJNu06Kg0"
Where I truly believe Amazon failed for their Amazon Prime Day sale.... The moment they claimed it'd have "Bigger deals than Black Friday"
Who is funding these Chris Christie ads? St Jude couldn't get him the nomination. May as well be Bobby Jindal.
Whoa. Bobby Jindal. Get a new speech dude. That was word-for-word the same as the one this past Monday. @BobbyJindal @FoxNews #GOPDebate
Whoever is going to see Eric church's like a wrecking ball live this Saturday I hate you
why can't the election be this November I don't want to hear about Donald trump for another year
Why does @Microsoft make it so hard to reset my @skype password? RIDICULOUS. Still not sure why password stopped working in the 1st place!
Why is holly trying to guilt me into going to digi tomorrow night
"Why is the David Beckham so positive about the England team, we are shite if we don't hit 8/9 on Sat then that is disgraceful set of cretins"
Why would anyone want to form a Metallica cover band? What is the upside-one day if they are lucky they may open for an AC/DC cover band?
Why would you waste a good iPod like this...idiots...IDIOTS https://t.co/A3C8sPg5Qc
"Will Ted Cruz, Jeb Bush, and all the top ten who swore to support the GOP primary winner.....do it.   Looks like they may end with TRUMP! HA"
Wish Bobby Jindal was there when asked about God because he may have performed a live exorcism on Trumps hair.  #GOPDebate
With Chelsea's poor start to the season it could be 3 points to the 'ammers on October 24th - and I'll be there to see it
"With the news that Apple Watch sales may not be as healthy as Cupertino claims, we look at how the numbers stack up http://t.co/MdcHcIdGsf"
"wow, angela merkel tells sobbing asylum seeker why she cannot stay in germany (VIDEO): http://t.co/QUavlhnL76 http://t.co/TR8c2FSCeu"
yall i got my ipod taken in 3rd period because i forgot to turn my volume down and i got a notif about army selca day
"Yeah, I know it's Sunday delivery &amp; whatnot - and who else does that?! - but my Amazon Prime package is 3 and a half hours late... So far..."
Yes that's right @BBC close down your best channel why don't you? You're not meant to be Netflix or Amazon Prime. https://t.co/lGjY1zGkaV
"Yo, if you paid $57-$77 to go see Eric Church at the State Fair...may the Lord have mercy on your souls."
You are the equivalent to block game Donald trump https://t.co/a4ch2Ti7a7
You'd think I'd be prepared for all the anguish when reading the Harry Potter books all over again for the 10th time. Right? LIKE FUCK.
YOUR TURN: Amazon Prime Day was supposed to put Black Friday Shopping in the dust.  But many say it's a garage... http://t.co/JKKRkhKLOK









































 
 

 


 
