" Sun is shining, the weather is sweet... (Bob Marley) https://t.co/nMeA6cH6ZR"
# An 80 years old Bentley belongs to my Brother and Sister in Law Only one in the world 4th Owner... http://t.co/CULYC2rqdj
#Abs! #Dancing! #Dudes! Get along to MAGIC MIKE XXL at the @ANUFG this Thursday at 7.30pm http://t.co/Kutar5fSIQ
#AINA The Christian Militia Taking on Islamic State in Iraq: (BBC) -- Across the sun-scorched landscape of... http://t.co/sYy26MCvZ2 #ME
#apple A look at the evolution of Apple's iPhone: Apple will unveil the new iPhone on Wednesday. The next iPho... http://t.co/TEDe4E4fuA
"#Apple is expected to unveil 2 iPhones, an Apple TV &amp; a larger iPad. Watch the live stream tonight at 7pm here http://t.co/QwoJ0yway0 #tech"
"#Apple to show the #iPhone6S, updates to the iPad, Apple TV and other products today http://t.co/2fSV8hScJa"
"#Apple to unveil iPhone 6s, iPad today. For the first time they are releasing on Wednesday. All their earlier releases were on a Tuesday."
#AppleEvent is about to start! Watch Apple's live stream here: http://t.co/pItt3mUI4B
#Autocar Lexus may be poised to flesh out the upper echelon of its model range with a second flagship model th...  http://t.co/fNTiHO3FQw
